dataset,target,n_training,n_pdp_sample,trees,mtry,min_node_size,oob_mse,oob_rmse,oob_r2
Bike rentals,cnt,731,50,500,3,5,395073.5590208026,628.5487721894003,0.8947253249866797
House prices,price,1500,1500,500,3,5,56540681371.39404,237782.84498969652,0.5445986726238873
